{"cameraMode":{"drawMode":2,"name":"Shaded Wireframe","section":"Shading Mode"},"sceneLighting":false,"audioPlay":false,"sceneViewState":{"showFog":true,"showMaterialUpdate":true,"showSkybox":false,"showFlares":true,"showImageEffects":true,"showParticleSystems":true},"in2DMode":false,"pivot":{"x":-7.420000076293945,"y":-3.32287859916687,"z":-0.06065431982278824},"rotation":{"x":0.181040957570076,"y":-0.026831986382603647,"z":0.0049521224573254589,"w":0.9831180572509766},"size":7.194788932800293,"orthographic":false}