{"cameraMode":{"drawMode":2,"name":"Shaded Wireframe","section":"Shading Mode"},"sceneLighting":false,"audioPlay":false,"sceneViewState":{"showFog":true,"showMaterialUpdate":true,"showSkybox":false,"showFlares":true,"showImageEffects":true,"showParticleSystems":true},"in2DMode":false,"pivot":{"x":-3.632269859313965,"y":-3.61765193939209,"z":0.008295178413391114},"rotation":{"x":0.181040957570076,"y":-0.026831986382603647,"z":0.0049521224573254589,"w":0.9831180572509766},"size":6.734299182891846,"orthographic":false}