{"cameraMode":{"drawMode":2,"name":"Shaded Wireframe","section":"Shading Mode"},"sceneLighting":false,"audioPlay":false,"sceneViewState":{"showFog":true,"showMaterialUpdate":true,"showSkybox":false,"showFlares":true,"showImageEffects":true,"showParticleSystems":true},"in2DMode":false,"pivot":{"x":-3.5299999713897707,"y":4.789999961853027,"z":1.1920928955078126e-7},"rotation":{"x":0.181040957570076,"y":-0.026831986382603647,"z":0.0049521224573254589,"w":0.9831180572509766},"size":7.2880859375,"orthographic":false}