{"cameraMode":{"drawMode":2,"name":"Shaded Wireframe","section":"Shading Mode"},"sceneLighting":false,"audioPlay":false,"sceneViewState":{"showFog":true,"showMaterialUpdate":true,"showSkybox":false,"showFlares":true,"showImageEffects":true,"showParticleSystems":true},"in2DMode":false,"pivot":{"x":6.349996089935303,"y":4.405952453613281,"z":-0.17013764381408692},"rotation":{"x":0.181040957570076,"y":-0.026831986382603647,"z":0.0049521224573254589,"w":0.9831180572509766},"size":6.982672691345215,"orthographic":false}