{"cameraMode":{"drawMode":2,"name":"Shaded Wireframe","section":"Shading Mode"},"sceneLighting":true,"audioPlay":false,"sceneViewState":{"showFog":true,"showMaterialUpdate":true,"showSkybox":true,"showFlares":true,"showImageEffects":true,"showParticleSystems":true},"in2DMode":false,"pivot":{"x":642.919921875,"y":456.2775573730469,"z":-3.6455130577087404},"rotation":{"x":-0.049453575164079669,"y":0.04403100535273552,"z":-0.0019908412359654905,"w":-0.9978808760643005},"size":653.2862548828125,"orthographic":false}